ID,Nome,Posizione,Quantità,Argomento,Keywords,ParoleChiave,URLImmagine
a0001,Metro a Nastro,Armadio 1,22,Meccanica,strumento misura strumenti,Metro a Nastro Armadio 1 strumento misura strumenti,https://www.dl.dropboxusercontent.com/scl/fi/qfhpt9k0sn1a9kxbvag72/metroNastro.jpeg?rlkey=ywm2vpv40hembek1m35t849jw&dl=0
a0002,Becher 250 mL,Armadio 5,11,Meccanica,becker ,Becher 250 mL Armadio 5 becker ,https://www.dl.dropboxusercontent.com/scl/fi/6zlkwu7eno50lja5bempt/becher250.jpeg?rlkey=rezrlnnd2rjh5z0lbkrjvav1a&dl=0
a0003,Basi,Armadio 1,20,Meccanica,basette,Basi Armadio 1 basette,https://www.dl.dropboxusercontent.com/scl/fi/cd2bwe3r6g58egskz7lby/basi.jpeg?rlkey=zi72qs9rojg8k4smmh8ov8woe&dl=0
a0004,Asta lunga,Armadio 1,25,Meccanica,aste sbarra ,Asta lunga Armadio 1 aste sbarra ,https://www.dl.dropboxusercontent.com/scl/fi/gx6nvorpws5j0d0kbaayl/astaLunga.jpeg?rlkey=jubm3uwrvdpnov6v4g4w92ff8&dl=0
a0005,Asta corta,Armadio 1,17,Meccanica,asticella sbarretta piccola sbarra,Asta corta Armadio 1 asticella sbarretta piccola sbarra,https://www.dl.dropboxusercontent.com/scl/fi/da786y0x66np08rj11y63/astaCorta.jpeg?rlkey=lovpc1al91qdvqvgeanmgb1e4&dl=0
a0006,Calibro,Armadio 5,12,Meccanica,calibri misura strumento strumenti,Calibro Armadio 5 calibri misura strumento strumenti,https://www.dl.dropboxusercontent.com/scl/fi/g0ald0gmmtcggbnqrpqcm/calibro.jpeg?rlkey=5w60bhrisi7p7ss6n1wq25raa&dl=0
a0007,Metro pieghevole,Armadio 5,1,Meccanica,falegname strumento misura strumenti,Metro pieghevole Armadio 5 falegname strumento misura strumenti,https://www.dl.dropboxusercontent.com/scl/fi/yt973jc60mrelotx9uvwr/metroPieghevole.jpeg?rlkey=59vh16phdpj05wk5aubsfhbnj&dl=0
a0008,Goniometro,Armadio 5,24,Meccanica,misura gradi angoli strumento strumenti,Goniometro Armadio 5 misura gradi angoli strumento strumenti,https://www.dl.dropboxusercontent.com/scl/fi/cluj5xo1301185oarpzmp/goniometro.jpeg?rlkey=y5brta0vy2vo369fxgnusy4vp&dl=0
a0009,Morsetto nero,Armadio 1,17,Meccanica,morsa asta sbarra morsetti,Morsetto nero Armadio 1 morsa asta sbarra morsetti,https://www.dl.dropboxusercontent.com/scl/fi/s195f942hroblrheguxpb/morsettoNero.png?rlkey=e6m76k6fa9wr6sjfhjh01yal7&dl=0
a0010,Massa 50 g,Armadio 1,56,Meccanica,massa peso pesi 50 g grammi,Massa 50 g Armadio 1 massa peso pesi 50 g grammi,https://www.dl.dropboxusercontent.com/scl/fi/gxu5cpzu4xwl1h2r646tz/masse50.jpeg?rlkey=0l9e9oztgd1h9wbwwt0gfm6ts&dl=0
a0011,Massa 100 g,Armadio 1,10,Meccanica,massa peso pesi g 100 grammi,Massa 100 g Armadio 1 massa peso pesi g 100 grammi,https://www.dl.dropboxusercontent.com/scl/fi/kijjmj7qhmex50nhlt6pf/massa100.jpeg?rlkey=cji402yl9o4rfwjxj22y2qkkz&dl=0
a0012,Morsetto con gancio,Armadio 1,12,Meccanica,morsa asta sbarra morsetti,Morsetto con gancio Armadio 1 morsa asta sbarra morsetti,https://www.dl.dropboxusercontent.com/scl/fi/kbc6fg1l4yd4vu4fj1yez/morsettoGancio.jpeg?rlkey=hjusehl7t2imvk165mjzn2w1q&dl=0
a0013,Piano inclinato,Armadio 5,10,Meccanica,caduta piano Galileo,Piano inclinato Armadio 5 caduta piano Galileo,https://www.dl.dropboxusercontent.com/scl/fi/9jk3jl5w7qbsd0b61011x/pianon-inclinato.jpeg?rlkey=ii3dznytass20cj6fzlbd7l4e&dl=0
a0014,Parallelepipedo di metallo,Armadio 1,9,Fluidostatica,massa peso Archimede blocco blocchetto,Parallelepipedo di metallo Armadio 1 massa peso Archimede blocco blocchetto,https://www.dl.dropboxusercontent.com/scl/fi/tngl0vaen6uu7g75lv65b/parallelepipedoMetallo.jpeg?rlkey=ldo7zutwb5txzgbmsfazp76dt&dl=0
a0015,Blocco per attrito,Armadio 1,10,Meccanica,piano forza statico dinamico parallelepipedo gomma,Blocco per attrito Armadio 1 piano forza statico dinamico parallelepipedo gomma,https://www.dl.dropboxusercontent.com/scl/fi/yos2p58818fieeaahronm/bloccoAttrito.jpeg?rlkey=vdc1dsyqm37ga9l3eqdyo9q0x&dl=0
a0016,Carrucola grande,Armadio 1,20,Meccanica,rossa rotazione,Carrucola grande Armadio 1 rossa rotazione,https://www.dl.dropboxusercontent.com/scl/fi/heq5344w0df87qkonf2wz/carrucolaGrande.jpeg?rlkey=vbmin8ejs0p02p0l3glqatyus&dl=0
a0017,Carrucola piccola,Armadio 1,20,Meccanica,nera rotazione,Carrucola piccola Armadio 1 nera rotazione,https://www.dl.dropboxusercontent.com/scl/fi/nfplvkd9gxl9w5bfpnlew/carrucolaPiccola.jpeg?rlkey=maf1onl8znldqwnl3idicl8b4&dl=0
a0018,Becher 600 mL,Armadio 2,12,Meccanica,becker ,Becher 600 mL Armadio 2 becker ,https://www.dl.dropboxusercontent.com/scl/fi/on5gcpn12os6fxgd3zawt/becher600.jpeg?rlkey=9hqp4naj569mym79a4pyvk5ma&dl=0
a0019,Becher 1000 mL,Armadio 2,8,Meccanica,becker ,Becher 1000 mL Armadio 2 becker ,https://www.dl.dropboxusercontent.com/scl/fi/msm0zxxr3i5g4fsj4f2on/becher1000.jpeg?rlkey=t375o3zb2gib03kfdm1johskp&dl=0
a0020,Perno curvo,Armadio 1,13,Meccanica,gancio piano inclinato direzione cambio,Perno curvo Armadio 1 gancio piano inclinato direzione cambio,https://www.dl.dropboxusercontent.com/scl/fi/nwkbkvug89u3gqd9ukmeq/pernoCurvo.jpeg?rlkey=0iofsj820ywb8w3sssw86f3xj&dl=0
a0021,Perno rosso a spina,Armadio 1,17,Meccanica,gancio molla appendere,Perno rosso a spina Armadio 1 gancio molla appendere,https://www.dl.dropboxusercontent.com/scl/fi/ib9z7tkd99p1zxt09921p/pernoRossoSpina.jpeg?rlkey=ammb0od4injzdx7h0wdqhmcef&dl=0
a0022,Perno doppio,Armadio 1,36,Meccanica,carrucola,Perno doppio Armadio 1 carrucola,https://www.dl.dropboxusercontent.com/scl/fi/ea7ioci3fdk6qoxnzxc1u/pernoDoppio.jpeg?rlkey=dxecqox66olrgi1dduvef5om4&dl=0
a0023,Perno dritto,Armadio 1,10,Meccanica,appendere pendolo liscio,Perno dritto Armadio 1 appendere pendolo liscio,https://www.dl.dropboxusercontent.com/scl/fi/s4w28n2iuzdfduk2x89zv/pernoDritto.jpeg?rlkey=2lwms3kaiern7osuirqy4u1xg&dl=0
a0024,Provetta,Armadio 2,91,Termodinamica,cuvette densimetro,Provetta Armadio 2 cuvette densimetro,https://www.dl.dropboxusercontent.com/scl/fi/zwbrjlwnepi8t7jzkmjf0/provetta.jpeg?rlkey=a3g9ijd9r2oikbpol8hvc7ob0&dl=0
a0025,Ganci regola parallelogramma,Armadio 5,10,Meccanica,vettori somma forze ,Ganci regola parallelogramma Armadio 5 vettori somma forze ,https://www.dl.dropboxusercontent.com/scl/fi/4vv21fc9zzra10f15wyr6/ganciRegolaParallelogramma.jpeg?rlkey=ovz635vdhd2ap5un305g9boqn&dl=0
a0026,Elastico,Armadio 5,100,Meccanica,elastica forza vettori somma parallelogramma regola,Elastico Armadio 5 elastica forza vettori somma parallelogramma regola,https://www.dl.dropboxusercontent.com/scl/fi/ybmgfghs1ddbdh11ufon2/elastici.jpeg?rlkey=g67u7pazft8pyghtd4bw99pym&dl=0
a0027,Cilindro graduato vetro 100 mL,Armadio 1,10,Meccanica,medio,Cilindro graduato vetro 100 mL Armadio 1 medio,https://www.dl.dropboxusercontent.com/scl/fi/4ylqu8rct6w6uucuynlxh/cilindroGraduato100.jpeg?rlkey=ll60mpj4p44b6cxf5f1oa0m8r&dl=0
a0028,Cilindro graduato vetro 250 mL,Armadio 1,11,Meccanica,grande,Cilindro graduato vetro 250 mL Armadio 1 grande,https://www.dl.dropboxusercontent.com/scl/fi/w007bz14f6oloia7u5ob7/cilindroGraduato250.jpeg?rlkey=bov32qqid7x1phsubqpp57usz&dl=0
a0029,Cilindro graduato vetro 10 mL,Armadio 2,1,Meccanica,piccolo mini sensibile,Cilindro graduato vetro 10 mL Armadio 2 piccolo mini sensibile,https://www.dl.dropboxusercontent.com/scl/fi/prc77etdky3gewrmeyh8q/cilindroGraduato10.jpeg?rlkey=t41btru3n4fnstgmy9lrlqjh7&dl=0
a0030,Molla,Armadio 1,25,Meccanica,molle hooke Hooke legge elastica forza,Molla Armadio 1 molle hooke Hooke legge elastica forza,https://www.dl.dropboxusercontent.com/scl/fi/beds187yav26zus9pybmh/molle.jpeg?rlkey=lbypw1o30vfx1u1pf8pewag4t&dl=0
a0031,Leva forata,Armadio 5,10,Meccanica,momento momenti torcente equilibrio leva asta fori forata,Leva forata Armadio 5 momento momenti torcente equilibrio leva asta fori forata,https://www.dl.dropboxusercontent.com/scl/fi/1cd8l8731in22c1ashkyx/levaForata.jpeg?rlkey=dqm14yrhsnzgye1zzy4qt6du4&dl=0
a0032,Pipetta micro,Armadio 2,18,Termodinamica,pipetta plastica mini,Pipetta micro Armadio 2 pipetta plastica mini,https://www.dl.dropboxusercontent.com/scl/fi/8bh1nq2i67ufcwvtwnbs9/pipetta.jpeg?rlkey=b5npq4bf8sadpb7agpyu21cjs&dl=0
a0033,Cilindro graduato plastica 100 mL,Armadio 2,10,Fluidostatica,archimede vaso contenitore ,Cilindro graduato plastica 100 mL Armadio 2 archimede vaso contenitore ,https://www.dl.dropboxusercontent.com/scl/fi/rkgvluzduze8c4ds38xe5/cilindroGraduatoPlastica.jpeg?rlkey=s0d1l1rpefcxue0s8ecpmbyb9&dl=0
a0034,Vaso di troppopieno,Armadio 2,10,Fluidostatica,archimede troppo pieno beccuccio sforamento trabocco plastica,Vaso di troppopieno Armadio 2 archimede troppo pieno beccuccio sforamento trabocco plastica,https://www.dl.dropboxusercontent.com/scl/fi/dv2l5tplwb0iacz009il9/vasoTroppopieno.jpeg?rlkey=8x2xy73m42by0dib5qvswwt6f&dl=0
a0035,Sostegno bilancia,Armadio 5,20,Meccanica,equilibrio bracci braccia due,Sostegno bilancia Armadio 5 equilibrio bracci braccia due,https://www.dl.dropboxusercontent.com/scl/fi/l59nz910m4o8skt8xmjvb/sostegnoBilancia.jpeg?rlkey=ycrr0ervghalf61l4mhbmelu3&dl=0
a0036,Piatto bilancia,Armadio 5,20,Meccanica,vaschetta equilibrio piatti bracci braccio leva due,Piatto bilancia Armadio 5 vaschetta equilibrio piatti bracci braccio leva due,https://www.dl.dropboxusercontent.com/scl/fi/29m68z0o6862dzn6omh9q/piattoBilancia.jpeg?rlkey=hunhu8da759y161gu7zi6hhka&dl=0
a0037,Scatolina pesetti bilancia,Armadio 5,10,Meccanica,Masse piccole grammi massa,Scatolina pesetti bilancia Armadio 5 Masse piccole grammi massa,https://www.dl.dropboxusercontent.com/scl/fi/yawrikw901jsqm3oq0t82/scatolaPesettiBilancia.jpeg?rlkey=48rnmgu1zlqv7pkzmy1gxe28v&dl=0
a0038,"Dinamometro rosso 1,5 N",Armadio 5,10,Meccanica,dinamometro plastica forza piccolo,"Dinamometro rosso 1,5 N Armadio 5 dinamometro plastica forza piccolo",https://www.dl.dropboxusercontent.com/scl/fi/jkjjdhm4p2e5l9q23ge86/dinamometroRosso.jpeg?rlkey=h033okdd0cxhoh1niql17c60z&dl=0
a0039,Dinamometro verde 3 N,Armadio 5,10,Meccanica,dinamometro plastica forza piccolo,Dinamometro verde 3 N Armadio 5 dinamometro plastica forza piccolo,https://www.dl.dropboxusercontent.com/scl/fi/wrxzifw26ph1t0guvlx1t/dinamometroVerde.jpeg?rlkey=pnq974jx2w5ib3gqtpust124j&dl=0
a0040,Dinamometro grande verde 5N,Armadio 5,7,Meccanica,dinamometro plastica forza grande,Dinamometro grande verde 5N Armadio 5 dinamometro plastica forza grande,https://www.dl.dropboxusercontent.com/scl/fi/lmx858u9y4f1drhclobpx/dinamometroGrandeVerde.jpeg?rlkey=qx4kx88i6z8f14ljmj2s39uq0&dl=0
a0041,Dinamometro grande marrone 10N,Armadio 5,11,Meccanica,dinamometro plastica forza grande,Dinamometro grande marrone 10N Armadio 5 dinamometro plastica forza grande,https://www.dl.dropboxusercontent.com/scl/fi/c4np9ywv3q75tuevrsbh0/dinamometroGrandeMarrone.jpeg?rlkey=0ea0toa0ntkfnm9c605p9j69o&dl=0
a0042,Scala doppia,Armadio 5,10,Meccanica,righello curva ,Scala doppia Armadio 5 righello curva ,https://www.dl.dropboxusercontent.com/scl/fi/tfqg8fmardf98n80mcbgm/scalaDoppia.jpeg?rlkey=h29j7wn2ezpbk58b3ao4jyd0m&dl=0
a0043,Ponte per puleggia,Armadio 5,20,Meccanica,carrucole leve macchina semplice ,Ponte per puleggia Armadio 5 carrucole leve macchina semplice ,https://www.dl.dropboxusercontent.com/scl/fi/xkcdzgatkn49eiyv3ceg2/pontePuleggia.jpeg?rlkey=ejcnn426s8uzvw97oa1lig2w1&dl=0
a0044,Alimentatore con cavo,Armadio 7,10,Elettricità,generatore voltaggio ,Alimentatore con cavo Armadio 7 generatore voltaggio ,https://www.dl.dropboxusercontent.com/scl/fi/ao5sth834egapxl03cq6q/alimentatore.jpeg?rlkey=jdv081cpw2ayr8dxh24rlaxsk&dl=0
a0045,Fornelletto,Armadio 3,10,Termodinamica,scaldini scaldino forno piastra calore scaldare bollitore,Fornelletto Armadio 3 scaldini scaldino forno piastra calore scaldare bollitore,https://www.dl.dropboxusercontent.com/scl/fi/27l9q3hasuurb656hh7hs/fornelletto.jpeg?rlkey=jn81udp1uh9g7do6ne9njnxyb&dl=0
a0046,Presina silicone,Armadio 3,10,Termodinamica,manopole plastica arancione calore calorimetro presina,Presina silicone Armadio 3 manopole plastica arancione calore calorimetro presina,https://www.dl.dropboxusercontent.com/scl/fi/nvahyk04nqz8ln0igy2z3/presina.jpeg?rlkey=9i5fip57idb9co3z9kq923tqx&dl=0
a0047,Kit calorimetro ,Armadio 3,10,Termodinamica,termometro calore specifico,Kit calorimetro  Armadio 3 termometro calore specifico,https://www.dl.dropboxusercontent.com/scl/fi/l1ss7tg1yhlrvvhd8wrk8/calorimetro.jpeg?rlkey=1n8nujc7jkgbcldg73baxyen0&dl=0
a0048,Massa cilindro calorimetria (materiali vari),Armadio 3,26,Termodinamica,calorimetro calore specifico alluminio bronzo ottone pvc,Massa cilindro calorimetria (materiali vari) Armadio 3 calorimetro calore specifico alluminio bronzo ottone pvc,https://www.dl.dropboxusercontent.com/scl/fi/m0gptvl3h1lxwotpt1mpd/masseCilindroCalorimetria.jpeg?rlkey=dk53s6okrj6qp0i1m429x593c&dl=0
a0049,Beuta piccola vetro 50 mL,Armadio 2,9,Termodinamica,matraccio dilatazione liquidi,Beuta piccola vetro 50 mL Armadio 2 matraccio dilatazione liquidi,https://www.dl.dropboxusercontent.com/scl/fi/tis5ws2aaqsj4bjpkcehs/beuta50.jpeg?rlkey=55wcd49yrls04chakco7m95u7&dl=0
a0050,Piastra contenitore trasparente,Armadio 2,9,Meccanica,petri grandi plastica contenitore,Piastra contenitore trasparente Armadio 2 petri grandi plastica contenitore,https://www.dl.dropboxusercontent.com/scl/fi/36bv34856mz73u8g6n7ry/piastrapetri.jpeg?rlkey=64acjc5l5k9hu3ykuefw90bb9&dl=0
a0051,Becher 150 mL,Armadio 2,1,Meccanica,becker ,Becher 150 mL Armadio 2 becker ,https://www.dl.dropboxusercontent.com/scl/fi/dw76pogye5hi05ivfe8q5/becher150.jpeg?rlkey=7my02zly0iq434ffzmo24p0yj&dl=0
a0052,Calibro di plastica,Armadio 5,28,Meccanica,misura strumento plastica strumenti,Calibro di plastica Armadio 5 misura strumento plastica strumenti,https://www.dl.dropboxusercontent.com/scl/fi/jgayv8sf0f4xqkzhwahbx/calibroPlastica.jpeg?rlkey=wtoepsf5a657h8oa6iz98qnpl&dl=0
a0053,Masse di legno,Armadio 1,45,Meccanica,massa peso legno,Masse di legno Armadio 1 massa peso legno,https://www.dl.dropboxusercontent.com/scl/fi/3xf91zd0k3bh4lg3icirg/masseLegno.jpeg?rlkey=6hi1hy2wy8umlscibyktdas3h&dl=0
a0054,Vasetti di vetro,Armadio 1,9,Meccanica,vaso vetro,Vasetti di vetro Armadio 1 vaso vetro,https://www.dl.dropboxusercontent.com/scl/fi/cpxpnk7ugvgz6y4gqfcqi/vasetto-vetro.jpeg?rlkey=ahb9mo4sqpgvwexaonxi2v686&dl=0
a0055,Morsetto universale,Armadio 1,20,Meccanica,morsa asta sbarra morsetti,Morsetto universale Armadio 1 morsa asta sbarra morsetti,https://www.dl.dropboxusercontent.com/scl/fi/9ceewntz7k5jo7zrxzzxv/Morsetto-universale.jpeg?rlkey=0w6yuzy7lv1x09f2j51v4u5zb&dl=0
a0056,Morsetto a S,Armadio 1,20,Meccanica,morsa asta sbarra morsetti,Morsetto a S Armadio 1 morsa asta sbarra morsetti,https://www.dl.dropboxusercontent.com/scl/fi/93x1u2uchleu9epl8249w/morsettiS.jpeg?rlkey=rz0rl8oa4885sj42jhihsv9p3&dl=0
a0057,Siringa con anello,Armadio 2,10,Fluidostatica,pompa idrostatica,Siringa con anello Armadio 2 pompa idrostatica,https://www.dl.dropboxusercontent.com/scl/fi/s8o7pugwleki86kpldwhv/siringaConAnello.jpeg?rlkey=mdddm6u9v4k11rkt6voylj8ed&dl=0
a0058,Tubi di gomma flessibili di varia lunghezza,Armadio 3,100,Fluidostatica,fluidi pompa idrostaica,Tubi di gomma flessibili di varia lunghezza Armadio 3 fluidi pompa idrostaica,https://www.dl.dropboxusercontent.com/scl/fi/0pzsmtdfzjaxku6kkx12q/tubiFlessibili.jpeg?rlkey=06610hqfhc58ywr62edr6l8ta&dl=0
a0059,Tubo di gomma flessibile sottile,Armadio 3,9,Fluidostatica,fluidi pompa idrostaica,Tubo di gomma flessibile sottile Armadio 3 fluidi pompa idrostaica,https://www.dl.dropboxusercontent.com/scl/fi/f8p7d0enu8x49r1q22lks/tubiFlessibiliSottili.jpeg?rlkey=nnghn5rr9t5eikvx0tg43aows&dl=0
a0060,Tubo trasparente lungo,Armadio 3,10,Fluidostatica,capillarità dilatazione,Tubo trasparente lungo Armadio 3 capillarità dilatazione,https://www.dl.dropboxusercontent.com/scl/fi/8wk1d236p0vrhkohyd6re/tuboTrasparenteLungo.jpeg?rlkey=0s70xnlw8q9hb9byywo6j5d31&dl=0
a0061,Tubo grosso traparente,Armadio 3,10,Fluidostatica,fluidi idrostatica,Tubo grosso traparente Armadio 3 fluidi idrostatica,https://www.dl.dropboxusercontent.com/scl/fi/fhncdik4vj3fq1oimkdbt/tuboGrossoTrasparente.jpeg?rlkey=vvbbjqxbsqcwhweil9zzw9r8y&dl=0
a0062,Mini imbuto,Armadio 2,10,Fluidostatica,fluidi liquidi idrostatica,Mini imbuto Armadio 2 fluidi liquidi idrostatica,https://www.dl.dropboxusercontent.com/scl/fi/wbz5ldvt0pxmzkkjitedg/miniImbuto.jpeg?rlkey=uwo3kodiffvca2qg9wzray8w8&dl=0
a0063,Tubo trasparente giallo,Armadio 3,20,Fluidostatica,fluidi liquidi idrostatica,Tubo trasparente giallo Armadio 3 fluidi liquidi idrostatica,https://www.dl.dropboxusercontent.com/scl/fi/skbnym137dzv4rwxq6sku/tuboTrasparenteGiallo.jpeg?rlkey=l7u8noxrdxxzq0hhvnzny1kaz&dl=0
a0064,Pallini di piombo ,Armadio 4,10,Fluidostatica,,Pallini di piombo  Armadio 4 ,https://www.dl.dropboxusercontent.com/scl/fi/uvijzcxm1qw0f85ke0yvu/palliniPiombo.jpeg?rlkey=0mzjhhswr4fjldaadjl1rpzge&dl=0
a0065,Colorante,Armadio 4,10,Fluidostatica,boccettino alimentare,Colorante Armadio 4 boccettino alimentare,https://www.dl.dropboxusercontent.com/scl/fi/jw8ergmjsnulvkrdlk2sf/colorante.jpeg?rlkey=dn4t4c3r3hky0pzs1u9c8kjie&dl=0
a0066,Rondella metrica 20 m,Armadio 5,2,Meccanica,metro misura,Rondella metrica 20 m Armadio 5 metro misura,https://www.dl.dropboxusercontent.com/scl/fi/hs9rq7brm7rfgnkmwukoe/rondellaMetrica20.jpeg?rlkey=18s11tyqugn2yt1pitffainnz&dl=0
a0067,Lamina bimetallica,Armadio 3,10,Termodinamica,dilatazione ,Lamina bimetallica Armadio 3 dilatazione ,https://www.dl.dropboxusercontent.com/scl/fi/oph7gljvypkmpgdc6dh54/laminaBimetallica.jpeg?rlkey=a0ibojcky5mktsm51ab9xd4p6&dl=0
a0068,Coppia sensori per radiazione,Armadio 3,20,Termodinamica,irraggiamento ,Coppia sensori per radiazione Armadio 3 irraggiamento ,https://www.dl.dropboxusercontent.com/scl/fi/favrlxd6ht3sgu91mmm8z/sensori-per-radiaione.jpeg?rlkey=9htisrd8rlqkhr5xyncn998to&dl=0
a0069,Elica,Armadio 3,10,Termodinamica,,Elica Armadio 3 ,https://www.dl.dropboxusercontent.com/scl/fi/d319qgva0yhc8jt0one6m/elica.jpeg?rlkey=kecdkirf16plh50xc8kct2lbn&dl=0
a0070,Modello pompa,Armadio 3,10,Fluidostatica,fluidi,Modello pompa Armadio 3 fluidi,https://www.dl.dropboxusercontent.com/scl/fi/3k43kypxn7qb2zs4wvvkr/modelloPompa.jpeg?rlkey=w1pslujftsq55tyzp1yghc6ns&dl=0
a0071,Hovercraft,Armadio 5,21,Meccanica,moto rettilineo uniforme principio accelerato velocità,Hovercraft Armadio 5 moto rettilineo uniforme principio accelerato velocità,https://www.dl.dropboxusercontent.com/scl/fi/updw6lq82frzlbsmwqa9j/hovercraft.jpeg?rlkey=tlltc61jfpp4dja3ptcrtdd1i&dl=0
a0072,Pinza,Armadio 3,1,Termodinamica,caldo ,Pinza Armadio 3 caldo ,https://www.dl.dropboxusercontent.com/scl/fi/fomy653hvrg878src4l9n/pinza.jpeg?rlkey=60rduuxd1r2rxue5j4x04knxb&dl=0
a0073,Dispositivo per capillarità,Armadio 3,9,Fluidostatica,tensione superficiale,Dispositivo per capillarità Armadio 3 tensione superficiale,https://www.dl.dropboxusercontent.com/scl/fi/mthz4b5q4piy4l69n794h/dispositivoCapillarita.jpeg?rlkey=g1seti31kov3388pxglcputy5&dl=0
a0074,Sonda di pressione,Armadio 3,9,Fluidostatica,supporto,Sonda di pressione Armadio 3 supporto,https://www.dl.dropboxusercontent.com/scl/fi/mofhuxjtinovnx10gsn9r/sondaPressione.jpeg?rlkey=91b5umttsmlcf9858gjtao86z&dl=0
a0075,Supporto doppio per tubi,Armadio 3,10,Fluidostatica,manometro U,Supporto doppio per tubi Armadio 3 manometro U,https://www.dl.dropboxusercontent.com/scl/fi/f5hys1f8pmt5czgyvpex4/supportoDopiTubi.jpeg?rlkey=ok2tp45dy78hnnzj0dncxotc7&dl=0
a0076,Filo di bava,Armadio 1,2,Meccanica,spago fili nylon bava pesca,Filo di bava Armadio 1 spago fili nylon bava pesca,https://www.dl.dropboxusercontent.com/scl/fi/zvgvakk67yt0207hj1g3n/filobava.jpeg?rlkey=xtf7e0x18o34z2fb3jxm7s00o&dl=0
a0077,Tappo gomma forato grande,Armadio 3,9,Termodinamica,,Tappo gomma forato grande Armadio 3 ,https://www.dl.dropboxusercontent.com/scl/fi/66saa9l41t3ohmusuaaun/tappoGommaForatoGrande.jpeg?rlkey=8eatc93jqpbzdi09xrcvrwvdm&dl=0
a0078,Tappo gomma forato piccolo,Armadio 3,9,Termodinamica,,Tappo gomma forato piccolo Armadio 3 ,https://www.dl.dropboxusercontent.com/scl/fi/66saa9l41t3ohmusuaaun/tappoGommaForatoGrande.jpeg?rlkey=8eatc93jqpbzdi09xrcvrwvdm&dl=0
a0079,Ago lungo,Armadio 4,10,Termodinamica,,Ago lungo Armadio 4 ,https://www.dl.dropboxusercontent.com/scl/fi/3sobf5rxvznk569kttlbw/agoLungo.jpeg?rlkey=qai36s4dt2frge4zqj5h6iztn&dl=0
a0080,Connettore tubi,Armadio 3,10,Fluidostatica,,Connettore tubi Armadio 3 ,https://www.dl.dropboxusercontent.com/scl/fi/jdf5veo6a7ojkc0tiwp7q/connettoreTubi.jpeg?rlkey=xlmui3e4hjd45pb7gu2xoqz3e&dl=0
a0081,Capsula,Armadio 3,10,Fluidostatica,,Capsula Armadio 3 ,https://www.dl.dropboxusercontent.com/scl/fi/38fwr7jyogb4grpl47hs2/capsula.jpeg?rlkey=9n348jddz7l8zszq1uz33mii4&dl=0
a0082,Termometro extra,Armadio 3,8,Termodinamica,temperatura,Termometro extra Armadio 3 temperatura,https://www.dl.dropboxusercontent.com/scl/fi/oi2wl0rup7yzklpcr13ic/termometro.jpeg?rlkey=rwrgvghsyf0f72izaojq93osd&dl=0
a0083,Tappo siringa,Armadio 3,6,Fluidostatica,,Tappo siringa Armadio 3 ,https://www.dl.dropboxusercontent.com/scl/fi/asbz2v24dduxmj2lq3sih/tappoSiringa.jpeg?rlkey=6p0onyn90wemxee2twjopgl4a&dl=0
a0084,Schermo bianco ottica,Armadio 6,10,Ottica,piano supporto schermata chiaro,Schermo bianco ottica Armadio 6 piano supporto schermata chiaro,https://www.dl.dropboxusercontent.com/scl/fi/1cea4wefysqueubs2rknc/schermoBiancoOttica.jpeg?rlkey=9u8bm6nkydnq9e6d8fdja9blb&dl=0
a0085,Banco ottico con 4 cavalieri,Armadio 6,10,Ottica,asse piano guida stecca,Banco ottico con 4 cavalieri Armadio 6 asse piano guida stecca,https://www.dl.dropboxusercontent.com/scl/fi/t38n0sttf7vzaeaxj21d2/bancoOttico4cavalieri.jpeg?rlkey=ckdotd8321ww78zr1rl4xkjcd&dl=0
a0086,Lente convergente +5 cm,Armadio 6,10,Ottica,,Lente convergente +5 cm Armadio 6 ,https://www.dl.dropboxusercontent.com/scl/fi/f080miidi9w691v3pufqi/lenteConvergente5.jpeg?rlkey=z07ph5kbyv8sq8aiemdhhns4y&dl=0
a0087,Lente convergente +10 cm,Armadio 6,10,Ottica,,Lente convergente +10 cm Armadio 6 ,https://www.dl.dropboxusercontent.com/scl/fi/r4n1gzo8tgmthn0ybd0c3/lenteConvergente-10.jpeg?rlkey=ypr2w72nfibuki2abre0c5n35&dl=0
a0088,Lente convergente +30 cm,Armadio 6,10,Ottica,,Lente convergente +30 cm Armadio 6 ,https://www.dl.dropboxusercontent.com/scl/fi/6p2o6ujg1j9orec54xb7s/lenteConvergente30.jpeg?rlkey=6ndet82kd5hvh8frk6xhf6d9r&dl=0
a0089,Lente divergente -10 cm,Armadio 6,10,Ottica,,Lente divergente -10 cm Armadio 6 ,https://www.dl.dropboxusercontent.com/scl/fi/6gxl76kcdyyf9l60t64tc/lenteDivergente-10.jpeg?rlkey=v35hbv6w9gzfurm6q8d1rd458&dl=0
a0090,Lente convergente mobile con supporto,Armadio 6,1,Ottica,,Lente convergente mobile con supporto Armadio 6 ,https://www.dl.dropboxusercontent.com/scl/fi/fayxgqxq3ijmge9vcoxrf/lenteConvergenteMobile.jpeg?rlkey=nppye8rae336w94lpgz1hsq1y&dl=0
a0091,Lente divergente mobile con supporto,Armadio 6,1,Ottica,,Lente divergente mobile con supporto Armadio 6 ,https://www.dl.dropboxusercontent.com/scl/fi/iooqu9l3c0metd0ul2lcw/lenteDIvergenteMobile.jpeg?rlkey=x2qovongd2jyi4xh0mi9xj1au&dl=0
a0092,Schermo opaco banco ottico,Armadio 6,10,Ottica,,Schermo opaco banco ottico Armadio 6 ,https://www.dl.dropboxusercontent.com/scl/fi/486dn4no2abrys42rjae9/schermoOpacoBancoOttico.jpeg?rlkey=2cj5at6b6fwl4lxpfddb87hst&dl=0
a0093,Candele,Armadio 4,10,Ottica,,Candele Armadio 4 ,https://www.dl.dropboxusercontent.com/scl/fi/qe02ln8pves8y0b2zca0r/candele.jpeg?rlkey=zfhz0stahpsdcq00txl3jqfas&dl=0
a0094,Filtro rosso,Armadio 6,9,Ottica,,Filtro rosso Armadio 6 ,https://www.dl.dropboxusercontent.com/scl/fi/jkz0mu2s2k1tsbc8zqaqc/filtroRosso.jpeg?rlkey=1h6xnvcgfnmp1f1o9b05iojhq&dl=0
a0095,Filtro blu,Armadio 6,9,Ottica,,Filtro blu Armadio 6 ,https://www.dl.dropboxusercontent.com/scl/fi/qg844033gaw1dzd2a6sco/filtroBlue.jpeg?rlkey=d077nnbhozk2ghyj7iaii74rt&dl=0
a0096,Filtro verde,Armadio 6,9,Ottica,,Filtro verde Armadio 6 ,https://www.dl.dropboxusercontent.com/scl/fi/lxcva03j45qvuo0h8ltxx/filtroverde.jpeg?rlkey=fgp5fkhc66n46cmpbeqynkh2j&dl=0
a0097,Ostacoli ottica,Armadio 6,20,Ottica,,Ostacoli ottica Armadio 6 ,https://www.dl.dropboxusercontent.com/scl/fi/mtoa6j9c55a20vabbxt7e/ostacoliOttica.jpeg?rlkey=5dc7mibfk9ehp92dmlr7anrmf&dl=0
a0098,Diapositiva foro quadrato,Armadio 6,11,Ottica,,Diapositiva foro quadrato Armadio 6 ,https://www.dl.dropboxusercontent.com/scl/fi/s7y81f5h535fw27nsf1kb/diapositivaForoQuadrato.jpeg?rlkey=sttbvg9e1kvsfyrabp95rp4su&dl=0
a0099,Diapositiva con fenditure,Armadio 6,11,Ottica,,Diapositiva con fenditure Armadio 6 ,https://www.dl.dropboxusercontent.com/scl/fi/5uix81lik0jrja0t9sbdd/diapositivaFenditure.jpeg?rlkey=m4rigkrqj1yc8bndggvnivknz&dl=0
a0100,Diapositiva griglia trasparente,Armadio 6,11,Ottica,,Diapositiva griglia trasparente Armadio 6 ,https://www.dl.dropboxusercontent.com/scl/fi/n94pjahw9zajyhoen8uvb/diapositivaGrigliaTrasparente.jpeg?rlkey=5kzjbespvcaln4yp0h84vt8ju&dl=0
a0101,Diapositiva triforo circolare,Armadio 6,11,Ottica,,Diapositiva triforo circolare Armadio 6 ,https://www.dl.dropboxusercontent.com/scl/fi/3jzfxl0lhnoqcp7zxrhtr/diapositivaTriforoCircolare.jpeg?rlkey=ls7xo5zq7jol8r9mzcrnknnmg&dl=0
a0102,Diapositiva oggetto auto trasparente,Armadio 6,11,Ottica,macchinina macchina,Diapositiva oggetto auto trasparente Armadio 6 macchinina macchina,https://www.dl.dropboxusercontent.com/scl/fi/un0onk31p0xsnpyu6yuwy/diapomacchina.jpeg?rlkey=8oi06szaiicolsz8sja6rueaz&dl=0
a0103,Diapositiva freccia,Armadio 6,9,Ottica,,Diapositiva freccia Armadio 6 ,https://www.dl.dropboxusercontent.com/scl/fi/uzhybblwwf8xb6ekdhide/diapositivaFreccia.jpeg?rlkey=7r2rxkzf2299nt1ipx366ues1&dl=0
a0104,Diapositiva singola fenditura,Armadio 6,10,Ottica,,Diapositiva singola fenditura Armadio 6 ,https://www.dl.dropboxusercontent.com/scl/fi/f12eqmoasgggm4z9yc7j2/diapositivaSingolaFenditura.jpeg?rlkey=j2gzrjuuzb3bzuhg1w8n4h0t4&dl=0
a0105,Diapositiva fori circolari,Armadio 6,11,Ottica,,Diapositiva fori circolari Armadio 6 ,https://www.dl.dropboxusercontent.com/scl/fi/f9rfsblik76t3ay73uemp/diapositivaForiCircolari.jpeg?rlkey=8wb1ensirqo5speyl10axondt&dl=0
a0106,Supporto a base circolare,Armadio 3,9,Meccanica,porta candela tubi,Supporto a base circolare Armadio 3 porta candela tubi,https://www.dl.dropboxusercontent.com/scl/fi/t4ekstl61c215wvorqv26/supportoBaseCircolare.jpeg?rlkey=o3ybflldnnxa6os1goy5ao9dg&dl=0
a0107,Lampada ottica alogena,Armadio 6,10,Ottica,luce,Lampada ottica alogena Armadio 6 luce,https://www.dl.dropboxusercontent.com/scl/fi/aacv7wexeqtxosbl4duvw/lampadaOtticaAlogena.jpeg?rlkey=9lifs3l5vr61lu0h4bupeffrw&dl=0
a0108,Carrucola basso attrito,Armadio 1,5,Meccanica,macchina atwood,Carrucola basso attrito Armadio 1 macchina atwood,https://www.dl.dropboxusercontent.com/scl/fi/i92kxoaioao47ds1q5bds/carrucoleBassoAttrito.jpeg?rlkey=cs3gtnlk8h513n7smh82v24qz&dl=0
a0109,Maxi breadboard,Armadio 7,10,Elettricità,,Maxi breadboard Armadio 7 ,https://www.dl.dropboxusercontent.com/scl/fi/owdjac9xqb0aku6t8a1zw/maxiBreadBoard.jpeg?rlkey=uho7vuedbehfa8zc5ujoqrrig&dl=0
a0110,Supporto elettroscopio,Armadio 7,10,Elettricità,s,Supporto elettroscopio Armadio 7 s,https://www.dl.dropboxusercontent.com/scl/fi/w2fzkbf060hmjwd3ezo93/supportoElettroscopio.jpeg?rlkey=hefaz03m0bfj5i84gh90vqbha&dl=0
a0111,Cavo costantana resistivo,Armadio 7,9,Elettricità,seconda legge di ohm 2 resistività,Cavo costantana resistivo Armadio 7 seconda legge di ohm 2 resistività,https://www.dl.dropboxusercontent.com/scl/fi/ifx59pzq2vytps8zbvc0r/cavoCostantanaResistivo.jpeg?rlkey=7x4vds48iddrqwhckvtcqh92e&dl=0
a0112,Panno elettrostatica,Armadio 7,7,Elettricità,tessuto,Panno elettrostatica Armadio 7 tessuto,https://www.dl.dropboxusercontent.com/scl/fi/unknhc1blu6f676kn04jj/pannoElettrostatica.jpeg?rlkey=eyx3ptkwl2kue6t1opdwwzyzd&dl=0
a0113,Lastrina Cu,Armadio 7,16,Elettricità,pila elettrolisi,Lastrina Cu Armadio 7 pila elettrolisi,https://www.dl.dropboxusercontent.com/scl/fi/et5dxbymq2uk7fqg8z5qk/lastrinaCu.jpeg?rlkey=fogpehpg8hwk2qlntli9mirgp&dl=0
a0114,Lastrina Fe,Armadio 7,9,Elettricità,pila elettrolisi,Lastrina Fe Armadio 7 pila elettrolisi,https://www.dl.dropboxusercontent.com/scl/fi/oxn4vq2egqt5foia4cxvi/latrinaFe.jpeg?rlkey=8xbphwi68euvq063b74bx7ipo&dl=0
a0115,  ,Armadio 7,9,Elettricità,trasformatore,   Armadio 7 trasformatore,https://www.dl.dropboxusercontent.com/scl/fi/crqlb60hdt86no3kuaa3b/nucleoFerro.jpeg?rlkey=6c7ooxvawtzoaazn54xe3ti6x&dl=0
a0116,Prisma semicerchio,Armadio 6,10,Ottica,rifrazione,Prisma semicerchio Armadio 6 rifrazione,https://www.dl.dropboxusercontent.com/scl/fi/yl5xzirukx78m7d1p45e7/prismaSemicerchio.jpeg?rlkey=hrf8s6ofid08bo7zufdogs0qo&dl=0
a0117,Prisma trapezio,Armadio 6,9,Ottica,rifrazione basi parallele,Prisma trapezio Armadio 6 rifrazione basi parallele,https://www.dl.dropboxusercontent.com/scl/fi/tgadfbzikqwvkmv1oa23g/prismaTrapezio.jpeg?rlkey=x3f5qcj550xte17zecoqz3x6k&dl=0
a0118,Prisma triangolare 45°-45°,Armadio 6,9,Ottica,rifrazione,Prisma triangolare 45°-45° Armadio 6 rifrazione,https://www.dl.dropboxusercontent.com/scl/fi/ozg7se63t5fh799makvxu/prismaTriangolare45.jpeg?rlkey=xp6r77pb4pf4t9lvfdrnny6q4&dl=0
a0119,Prisma piano concavo,Armadio 6,9,Ottica,rifrazione,Prisma piano concavo Armadio 6 rifrazione,https://www.dl.dropboxusercontent.com/scl/fi/wsrw408ghgqq3xybdy8u3/prismaPianoConcavo.jpeg?rlkey=8gnb85t8ug8c88pvdyvgv94qv&dl=0
a0120,Prisma piano convesso,Armadio 6,9,Ottica,rifrazione,Prisma piano convesso Armadio 6 rifrazione,https://www.dl.dropboxusercontent.com/scl/fi/cpmojd1f3ou3j79fqyr3u/prismaPianoConvesso.jpeg?rlkey=rqoyio2swcl4gnzkn9f0kjl17&dl=0
a0121,Prisma a specchio,Armadio 6,9,Ottica,rifrazione,Prisma a specchio Armadio 6 rifrazione,https://www.dl.dropboxusercontent.com/scl/fi/fk13qtrwaz3zrchwy4yox/prismaSpecchio.jpeg?rlkey=b11jq86ldzbtkojm9faaakdlb&dl=0
a0122,Cronometro,Armadio 5,7,Meccanica,tempo moto misura pendolo strumento strumenti,Cronometro Armadio 5 tempo moto misura pendolo strumento strumenti,https://www.dl.dropboxusercontent.com/scl/fi/5tsrjkgcgyq03037e44ij/cronometro.jpg?rlkey=z2jg536d23g8n6547944a3cnh&dl=0
a0123,Bacchetta plexiglass,Armadio 7,17,Elettricità,,Bacchetta plexiglass Armadio 7 ,https://www.dl.dropboxusercontent.com/scl/fi/4lna33lxqud3qeiekcqfx/bacchettaPlexiglass.jpeg?rlkey=kercpzi5hd49ykz0hrvrwwb4y&dl=0
a0124,Bacchetta PVC,Armadio 7,18,Elettricità,elettrostatica,Bacchetta PVC Armadio 7 elettrostatica,https://www.dl.dropboxusercontent.com/scl/fi/opo8pj98xt0v6v0fcl1m0/bacchettaPVC.jpeg?rlkey=9991qu03io87jlabw4fst655l&dl=0
a0125,Bussola grande,Armadio 7,10,Magnetismo,,Bussola grande Armadio 7 ,https://www.dl.dropboxusercontent.com/scl/fi/pzionklcarfjjudqlyx8x/bussolaGrande.jpeg?rlkey=jirlbti24pp8glc8ljupqwcpe&dl=0
a0126,Commutatore,Armadio 7,17,Elettricità,interruttore,Commutatore Armadio 7 interruttore,https://www.dl.dropboxusercontent.com/scl/fi/hftwybwnj7mco4kyh50k2/commutatore.jpeg?rlkey=ym2de6zf34z74a99jw90v8fjy&dl=0
a0127,Magnete a barra,Armadio 7,13,Magnetismo,calamita verde rosso,Magnete a barra Armadio 7 calamita verde rosso,https://www.dl.dropboxusercontent.com/scl/fi/1y8vvphdx9vmnppj1f0ru/magneteVerdeBarra.jpeg?rlkey=9o73swrfq600mtl4m8b6dz3hy&dl=0
a0128,Porta batteria,Armadio 7,20,Elettricità,kit,Porta batteria Armadio 7 kit,https://www.dl.dropboxusercontent.com/scl/fi/j6333m3mo3tca7bj6nrcg/portaLampadina.jpeg?rlkey=5jsmj2pna7dfj82bxrkej1hg6&dl=0
a0129,Interruttore,Armadio 7,10,Elettricità,kit,Interruttore Armadio 7 kit,https://www.dl.dropboxusercontent.com/scl/fi/zodf2jo35vb5xm6o9pyxw/interruttore.jpeg?rlkey=a3gej3zplvyrdahl5940ccza0&dl=0
a0130,Diodo,Armadio 7,10,Elettricità,kit,Diodo Armadio 7 kit,https://www.dl.dropboxusercontent.com/scl/fi/dgs2cmnr5jwqz85rs43tu/diodo.jpeg?rlkey=rcckzilbmqk9zij4th4018bfq&dl=0
a0131,Resistore 47 ohm,Armadio 7,10,Elettricità,resistenza circuito,Resistore 47 ohm Armadio 7 resistenza circuito,https://www.dl.dropboxusercontent.com/scl/fi/fhrunn7tmox8go28xbeto/resistenza47.jpeg?rlkey=4hp6kjdoinyycra613ck915db&dl=0
a0132,Resistore 100 ohm,Armadio 7,10,Elettricità,resistenza circuito,Resistore 100 ohm Armadio 7 resistenza circuito,https://www.dl.dropboxusercontent.com/scl/fi/i9msmdu6mcx4vyecitkc8/resistenza100.jpeg?rlkey=0cv0l7qdoxve8nayrodbptm9r&dl=0
a0133,Specchio concavo mobile con supporto,Armadio 6,10,Ottica,coniugati immagine,Specchio concavo mobile con supporto Armadio 6 coniugati immagine,https://www.dl.dropboxusercontent.com/scl/fi/prrbe48bjfct4xdsjuv9k/specchioConcavoMobile.jpeg?rlkey=xwaqnkb1gsobnwioh03rdhyrn&dl=0
a0134,Specchio convesso mobile con supporto,Armadio 6,10,Ottica,coniugati immagine,Specchio convesso mobile con supporto Armadio 6 coniugati immagine,https://www.dl.dropboxusercontent.com/scl/fi/ez0kb3hdprmn47t0rjosx/specchioConvessoMobile.jpeg?rlkey=k7jzfk2lgplcowodt4yw9420s&dl=0
a0135,Specchio piano mobile con supporto,Armadio 6,10,Ottica,immagine,Specchio piano mobile con supporto Armadio 6 immagine,https://www.dl.dropboxusercontent.com/scl/fi/hgfck0gpav70lx1ma3k5l/specchioPianoMobile.jpeg?rlkey=ue26ibcgdxjdiibjeo6o9g79s&dl=0
a0136,Porta lampadina,Armadio 7,20,Elettricità,,Porta lampadina Armadio 7 ,https://www.dl.dropboxusercontent.com/scl/fi/j6333m3mo3tca7bj6nrcg/portaLampadina.jpeg?rlkey=5jsmj2pna7dfj82bxrkej1hg6&dl=0
a0137,Jumper maxi breadboard,Armadio 7,10,Elettricità,cavo connettore circuito fili cavi,Jumper maxi breadboard Armadio 7 cavo connettore circuito fili cavi,https://www.dl.dropboxusercontent.com/scl/fi/8a9izk9ajw8nbw0fmnxnz/jumperMaxiBreadboard.jpeg?rlkey=ar5kh6zix8gw8tylin1igx8lz&dl=0
a0138,Contenitore piccolo bianco opaco,Armadio 2,10,Meccanica,rullino,Contenitore piccolo bianco opaco Armadio 2 rullino,https://www.dl.dropboxusercontent.com/scl/fi/gas7er1rhgp73j9xutsan/contenitorePiccoloBiancoOpaco.jpeg?rlkey=a7f3en1uvh9ujnjbhhyh6m3jm&dl=0
a0139,Supporto diapositive,Armadio 6,10,Ottica,diapositiva banco ottico,Supporto diapositive Armadio 6 diapositiva banco ottico,https://www.dl.dropboxusercontent.com/scl/fi/d214z3z6fz005t4lie6fn/supportoDiapositive.jpeg?rlkey=4i9ur0k9xlk047jwxuqwirzhf&dl=0
a0140,Specchio piano quadrato,Armadio 6,10,Ottica,,Specchio piano quadrato Armadio 6 ,https://www.dl.dropboxusercontent.com/scl/fi/kcmnt4emt8067lhb4yfxj/specchio-quadrato.jpeg?rlkey=8laa5qp5v2xtvyxraldhc8z4y&dl=0
a0141,Supporto di polistirolo,Armadio 6,10,Ottica,,Supporto di polistirolo Armadio 6 ,https://www.dl.dropboxusercontent.com/scl/fi/3qh3br4nt38m618eke2ct/base-polistirolo.jpeg?rlkey=1ppgwxrmq7tyi4yz3f6ub72vl&dl=0
a0142,Spilli di fissaggio,Armadio 6,100,Ottica,,Spilli di fissaggio Armadio 6 ,https://www.dl.dropboxusercontent.com/scl/fi/lmrdd0w5wux1x40sho4xs/spilli-rossi-e-neri-fissaggio.jpeg?rlkey=cvnypjk4qg75lpy32vo6v564a&dl=0
a0143,Spilli colorati,Armadio 6,40,Ottica,,Spilli colorati Armadio 6 ,https://www.dl.dropboxusercontent.com/scl/fi/4lk6qkb0u9b0xarmmn0se/spilli-colorati.jpeg?rlkey=om1gwwgj4cxma8hsbxvkjou6h&dl=0
a0144,Vaschetta semicircolare trasparente,Armadio 6,9,Ottica,,Vaschetta semicircolare trasparente Armadio 6 ,https://www.dl.dropboxusercontent.com/scl/fi/tjrggreinapmmmlnxkk1i/vaschetta-semicerchio.jpeg?rlkey=khksm1ppvnk1tjqn534rjrqxw&dl=0
a0145,Righello,Armadio 5,5,Meccanica,stecca 50 cm,Righello Armadio 5 stecca 50 cm,https://www.dl.dropboxusercontent.com/scl/fi/69e512fgko9eqoogspu8n/righello.jpeg?rlkey=tytc1ghfv9m27ogx1f89xjeo5&dl=0
a0146,Multimetro digitale,Armadio 6,1,Elettricità,voltmetro strumento strumenti amperometro ohmetro voldemort,Multimetro digitale Armadio 6 voltmetro strumento strumenti amperometro ohmetro voldemort,https://www.dl.dropboxusercontent.com/scl/fi/s13y7xdnu5kmhs3d97qvg/multimetro-digitale.jpeg?rlkey=elpzquejlguvhyn4j4e7rxzmi&dl=0
a0147,Cavo banana-banana rosso corto,Armadio 7,19,Elettricità,cavi jumper connettori connettore ,Elettricità,https://www.dl.dropboxusercontent.com/scl/fi/1py7jcx793ruwln9csz15/bananarossocort.jpeg?rlkey=3qut07w0whdm5why7hjgfj5np&dl=0
a0148,Morsa tavolo,Armadio 1,1,Meccanica,morsetto sostegno fissaggio morsetti,Morsa tavolo Armadio 1 morsetto sostegno fissaggio morsetti,https://www.dl.dropboxusercontent.com/scl/fi/8z9ajbvjxcbt4rq1e62k2/morsetto-da-tavolo.jpeg?rlkey=352xiy87ehztrrtuqe1e8fiht&dl=0
a0149,Bilancia elettronica,Armadio 5,1,Meccanica,massa peso pesare strumento strumenti kilogrammi kg,Bilancia elettronica Armadio 5 massa peso pesare strumento strumenti kilogrammi kg,https://www.dl.dropboxusercontent.com/scl/fi/vytl35664x3cfqjwsurdk/bilancia-elettronica.jpeg?rlkey=nf8hm3lidfz2ymkrey65u0mk3&dl=0
a0150,Cavo banana-banana rosso lungo,Armadio 7,6,Elettricità,cavi jumper connettori connettore ,Cavo banana-banana rosso lungo Armadio 7 cavi jumper connettori connettore ,https://www.dl.dropboxusercontent.com/scl/fi/sb2iemklc95kgmwffztpw/bananarossoliungo.jpeg?rlkey=v2j3fbm7dkzppiypksieg95nk&dl=0
a0151,Cavo banana-banana nero corto,Armadio 7,37,Elettricità,cavi jumper connettori connettore ,Cavo banana-banana nero corto Armadio 7 cavi jumper connettori connettore ,https://www.dl.dropboxusercontent.com/scl/fi/qpoyxyrr9s63m3s5wju6o/bananannerocorto.jpeg?rlkey=vx2mddz8o9itu9emqstnfozi1&dl=0
a0152,Cavo banana-banana blu corto,Armadio 7,18,Elettricità,cavi jumper connettori connettore ,Cavo banana-banana blu corto Armadio 7 cavi jumper connettori connettore ,https://www.dl.dropboxusercontent.com/scl/fi/w0z115dzljnrstz7bpx56/Bananablucorto.jpeg?rlkey=ad81jvj4qjsryaakwo65vmke0&dl=0
a0153,Cavo banana-banana nero lungo,Armadio 7,6,Elettricità,cavi jumper connettori connettore ,Cavo banana-banana nero lungo Armadio 7 cavi jumper connettori connettore ,https://www.dl.dropboxusercontent.com/scl/fi/b4m8ohq42ymjbdeb8qj7n/banananerolungo.jpeg?rlkey=b6rv4nfojilaezi55ok559wyp&dl=0
a0154,Coccodrillo,Armadio 7,18,Elettricità,cavi pinzette connettori,Coccodrillo Armadio 7 cavi pinzette connettori,https://www.dl.dropboxusercontent.com/scl/fi/j0pm0rz6uwc3ilqo08ob1/coccodrillodoppio.jpeg?rlkey=w2zszh6x066pcij2tiorkou66&dl=0
a0155,Bobina piccola 500 avvolgimenti,Armadio 7,10,Elettricità,trasformatore spira spire nucleo,Bobina piccola 500 avvolgimenti Armadio 7 trasformatore spira spire nucleo,https://www.dl.dropboxusercontent.com/scl/fi/ujdufwdbu1ls2ak76yz45/Bobina-500.jpeg?rlkey=obd9pornto5wo9boufyyjajq1&dl=0
a0156,Bobina piccola 1000 avvolgimenti,Armadio 7,10,Elettricità,trasformatore spira spire nucleo,Bobina piccola 1000 avvolgimenti Armadio 7 trasformatore spira spire nucleo,https://www.dl.dropboxusercontent.com/scl/fi/i779wxocx9v3qkmpotux3/Bobina-1000.jpeg?rlkey=m2q699sy5gc9bfw48y9o2lmeb&dl=0
a0157,Termoscopio (senza scala) ,Armadio 3,10,Termodinamica,taratura celsius,Termoscopio (senza scala)  Armadio 3 taratura celsius,https://www.dl.dropboxusercontent.com/scl/fi/8hjkf3digpjmbysjuy2ll/Termoscopio.jpeg?rlkey=1ms53eqnwumrxb6lun0jch2vt&dl=0
a0158,Dadi legno per statistica,Armadio 1,27,Meccanica,misure ripetute gaussianna ,Dadi legno per statistica Armadio 1 misure ripetute gaussianna ,https://www.dl.dropboxusercontent.com/scl/fi/76pvmd68xpw4d4lagvfkz/Dadi-statistica.jpeg?rlkey=nchguuecswc6jtfspy04w8yz8&dl=0
a0159,Morsetto cambio direzionale,Armadio 1,12,Meccanica,morsetti sostegno carrucola,Morsetto cambio direzionale Armadio 1 morsetti sostegno carrucola,https://www.dl.dropboxusercontent.com/scl/fi/6x9zbbr2axrc662bnv86n/Morsetto-cambio-direzionale.jpeg?rlkey=sutamdjlmz09f755bffsum07l&dl=0
a0160,Contenitori riempibili gialli,Armadio 5,30,Meccanica,ovetto kinder secondo principio dinamica tracker,Contenitori riempibili gialli Armadio 5 ovetto kinder secondo principio dinamica tracker,https://www.dl.dropboxusercontent.com/scl/fi/nk040cjlug41kr5fdh178/Contenitori-riempibili-gialli.jpeg?rlkey=ls5e51j0ty5r4kw68goo8k9eg&dl=0
a0161,Pallina,Armadio 5,7,Meccanica,caduta libera parabolico moto,,https://www.dl.dropboxusercontent.com/scl/fi/613jlpr10ya66ywiek9nv/palline.jpeg?rlkey=3iyybfismrotttz9m7awgk5sk&dl=0
a0162,Piano girevole,Armadio 5,1,Meccanica,circolare uniforme moto,Piano girevole Armadio 5 circolare uniforme moto,https://www.dl.dropboxusercontent.com/scl/fi/xai18mzc2fbvf5mtzdtdg/disco-rotante.jpeg?rlkey=gmp97ts4muj0zkbpf31y7cy62&dl=0
a0163,Bollini adesivi,Armadio 5,100,Meccanica,tracker,Bollini adesivi Armadio 5 tracker,https://www.dl.dropboxusercontent.com/scl/fi/0p49bjkygco8t5hqrqz61/bollini.jpeg?rlkey=yqsybaonmjivrf1dre2c09qms&dl=0
a0164,Termocoppia,Armadio 7,14,Elettricità,multimetro,Termocoppia Armadio 7 multimetro,https://www.dl.dropboxusercontent.com/scl/fi/911gao3mo27qg159kjkqz/termocoppia.jpeg?rlkey=uonl2g2bspkq5v7g03vmbr0o6&dl=0
a0165,Bolla,Armadio 5,4,Meccanica,livella,Bolla Armadio 5 livella,https://www.dl.dropboxusercontent.com/scl/fi/bvonpdczaeeqpogb9a43l/bolla.jpeg?rlkey=jyqaoctc2d6ny2wozj9iqs2we&dl=0
a0166,Piano forato,Armadio 5,4,Meccanica,parallelogramma,Piano forato Armadio 5 parallelogramma,https://www.dl.dropboxusercontent.com/scl/fi/ccbj77q7f9f2ezuccq89n/pianoForato.jpeg?rlkey=mycv2wbp5nomzg9narqpi0q63&dl=0
a0167,Lampadina 2.5V,Armadio 7,1,Elettricità,luce,Lampadina 2.5V Armadio 7 luce,https://www.dl.dropboxusercontent.com/scl/fi/8mdvel2ad9daz4zmga1h0/lampadina.jpeg?rlkey=ajzmr4m9bkqkntnfkl170j640&dl=0
a0168,Lampadina 12V,Armadio 7,18,Elettricità,luce,Lampadina 12V Armadio 7 luce,https://www.dl.dropboxusercontent.com/scl/fi/8mdvel2ad9daz4zmga1h0/lampadina.jpeg?rlkey=ajzmr4m9bkqkntnfkl170j640&dl=0
a0169,"Lampadina 4,8V",Armadio 7,6,Elettricità,luce,"Lampadina 4,8V Armadio 7 luce",https://www.dl.dropboxusercontent.com/scl/fi/8mdvel2ad9daz4zmga1h0/lampadina.jpeg?rlkey=ajzmr4m9bkqkntnfkl170j640&dl=0
a0170,Lampadina 6V,Armadio 7,6,Elettricità,luce,Lampadina 6V Armadio 7 luce,https://www.dl.dropboxusercontent.com/scl/fi/8mdvel2ad9daz4zmga1h0/lampadina.jpeg?rlkey=ajzmr4m9bkqkntnfkl170j640&dl=0
a0171,Lampadina 24V,Armadio 7,3,Elettricità,luce,Lampadina 24V Armadio 7 luce,https://www.dl.dropboxusercontent.com/scl/fi/8mdvel2ad9daz4zmga1h0/lampadina.jpeg?rlkey=ajzmr4m9bkqkntnfkl170j640&dl=0
a0172,Metro di carta,Armadio 5,100,Meccanica,ikea,Metro di carta Armadio 5 ikea,https://www.dl.dropboxusercontent.com/scl/fi/laglc77vuryjo5uh0juhh/metrocarta.jpeg?rlkey=p2k280griejao5ctw8tski3uh&dl=0
a0173,Cilindretto densità,Armadio 1,49,Meccanica,cilindro,Cilindretto densità Armadio 1 cilindro,https://www.dl.dropboxusercontent.com/scl/fi/owj9rewrvb5n1hlkbdybj/cilinndrettiDensit.jpeg?rlkey=7y0t8c9zruczkzgf3jvhgw3z3&dl=0
a0174,Micrometro,Armadio 5,1,Meccanica,calibro,Micrometro Armadio 5 calibro,https://www.dl.dropboxusercontent.com/scl/fi/cc98el3qxsizaxu6i28he/micrometro.jpeg?rlkey=mj2je65ti0lzraye49nvtkn0l&dl=0
a0175,Morsetto a C,Armadio 1,8,Meccanica,morsetti sostegno blocco fissaggio,Morsetto a C Armadio 1 morsetti sostegno blocco fissaggio,
a0176,Scotch di carta,Armadio 4,3,Altro,nastro adesivo carto scoch schotc,Scotch di carta Armadio 4 nastro adesivo carto scoch schotc,https://www.dl.dropboxusercontent.com/scl/fi/zeavwr9ybr743dqfmx04e/scotchCarta.jpeg?rlkey=5p6e7luoea0dit0857m1t1vfl&dl=0
a0177,Foglio A4,Armadio 4,100,Altro,carta fogli,Foglio A4 Armadio 4 carta fogli,https://www.dl.dropboxusercontent.com/scl/fi/cuc2b3b2old8kyungf60l/fogliA4.jpeg?rlkey=57mgl772w6bzeeqsevts5h3ug&dl=0
a0178,Graffette,Armadio 5,20,Altro,ganci graffetta,Graffette Armadio 5 ganci graffetta,https://www.dl.dropboxusercontent.com/scl/fi/ghoibfahyds6k9c13tffj/graffetta.jpeg?rlkey=e5wdhgd1zozarth2tluhqbj2u&dl=0
a0179,Forbice,Armadio 4,10,Altro,forbici,Forbice Armadio 4 forbici,https://www.dl.dropboxusercontent.com/scl/fi/emgqsqp5gh5pns2brlc4y/forbici.jpeg?rlkey=ek4vdporkoqbeamaaq87aurtn&dl=0
a0180,Foglio A3,Armadio 4,100,Altro,carta fogli,Foglio A3 Armadio 4 carta fogli,
a0181,Foglio Carta Millimetrata,Armadio 4,50,Altro,carta fogli grafico grafici,Foglio Carta Millimetrata Armadio 4 carta fogli grafico grafici,https://www.dl.dropboxusercontent.com/scl/fi/4a1oyxuvb41tkjkjsqtgi/cartaMillimetrata.jpeg?rlkey=cuq0ftzx8zufiqvcpe5ospdf0&dl=0
a0182,Kit volume costante,Armadio 4,1,Meccanica,densità massa,Kit volume costante Armadio 4 densità massa,https://www.dl.dropboxusercontent.com/scl/fi/twkz4qd9jwdw33kmtttzd/kitVolumeCostante.jpeg?rlkey=h85zu6a3rxmkmxxnyuhvlvqie&dl=0
a0183,Kit massa costante,Armadio 4,1,Meccaninca,densità volume,Kit massa costante Armadio 4 densità volume,
